{
    "valid": {
        "loss": [
            0.03693645906774965
        ],
        "r2_score": [
            -0.0064127445220947266
        ]
    }
}