{
    "valid": {
        "loss": [
            0.024391766054084503
        ],
        "r2_score": [
            0.0019110441207885742
        ]
    }
}